{
  "locations": [
    {
      "code": "01",
      "county": "Mombasa",
      "constituencies": ["Changamwe", "Jomvu", "Kisauni", "Likoni", "Mvita", "Nyali"]
    },
    {
      "code": "02",
      "county": "Kwale",
      "constituencies": ["Kinango", "Lunga Lunga", "Matuga", "Msambweni"]
    },
    {
      "code": "03",
      "county": "Kilifi",
      "constituencies": ["Ganze", "Kaloleni", "Kilifi North", "Kilifi South", "Malindi", "Rabai"]
    },
    {
      "code": "04",
      "county": "Tana River",
      "constituencies": ["Bura", "Galole", "Garsen"]
    },
    {
      "code": "05",
      "county": "Lamu",
      "constituencies": ["Lamu East", "Lamu West"]
    },
    {
      "code": "06",
      "county": "Taita Taveta",
      "constituencies": ["Mwatate", "Taveta", "Voi", "Wundanyi"]
    },
    {
      "code": "07",
      "county": "Garissa",
      "constituencies": ["Balambala", "Dadaab", "Fafi", "Garissa Township", "Ijara", "Lagdera"]
    },
    {
      "code": "08",
      "county": "Wajir",
      "constituencies": ["Eldas", "Tarbaj", "Wajir East", "Wajir North", "Wajir South", "Wajir West"]
    },
    {
      "code": "09",
      "county": "Mandera",
      "constituencies": ["Banissa", "Lafey", "Mandera East", "Mandera North", "Mandera South", "Mandera West"]
    },
    {
      "code": "10",
      "county": "Marsabit",
      "constituencies": ["Laisamis", "Moyale", "North Horr", "Saku"]
    },
    {
      "code": "11",
      "county": "Isiolo",
      "constituencies": ["Isiolo North", "Isiolo South"]
    },
    {
      "code": "12",
      "county": "Meru",
      "constituencies": ["Buuri", "Central Imenti", "Igembe Central", "Igembe North", "Igembe South", "North Imenti", "South Imenti", "Tigania East", "Tigania West"]
    },
    {
      "code": "13",
      "county": "Tharaka-Nithi",
      "constituencies": ["Chuka/Igambang'ombe", "Maara", "Tharaka"]
    },
    {
      "code": "14",
      "county": "Embu",
      "constituencies": ["Manyatta", "Mbeere North", "Mbeere South", "Runyenjes"]
    },
    {
      "code": "15",
      "county": "Kitui",
      "constituencies": ["Kitui Central", "Kitui East", "Kitui Rural", "Kitui South", "Kitui West", "Mwingi Central", "Mwingi North", "Mwingi West"]
    },
    {
      "code": "16",
      "county": "Machakos",
      "constituencies": ["Kangundo", "Kathiani", "Machakos Town", "Masinga", "Matungulu", "Mavoko", "Mwala", "Yatta"]
    },
    {
      "code": "17",
      "county": "Makueni",
      "constituencies": ["Kaiti", "Kibwezi East", "Kibwezi West", "Kilome", "Makueni", "Mbooni"]
    },
    {
      "code": "18",
      "county": "Nyandarua",
      "constituencies": ["Kinangop", "Kipipiri", "Ndaragwa", "Ol Joro Orok", "Ol Kalou"]
    },
    {
      "code": "19",
      "county": "Nyeri",
      "constituencies": ["Kieni", "Mathira", "Mukurweini", "Nyeri Town", "Othaya", "Tetu"]
    },
    {
      "code": "20",
      "county": "Kirinyaga",
      "constituencies": ["Gichugu", "Kirinyaga Central", "Mwea", "Ndia"]
    },
    {
      "code": "21",
      "county": "Murang'a",
      "constituencies": ["Gatanga", "Kandara", "Kangema", "Kigumo", "Kiharu", "Maragua", "Mathioya"]
    },
    {
      "code": "22",
      "county": "Kiambu",
      "constituencies": ["Gatundu North", "Gatundu South", "Githunguri", "Juja", "Kabete", "Kiambaa", "Kiambu Town", "Kikuyu", "Lari", "Limuru", "Ruiru", "Thika Town"]
    },
    {
      "code": "23",
      "county": "Turkana",
      "constituencies": ["Loima", "Turkana Central", "Turkana East", "Turkana North", "Turkana South", "Turkana West"]
    },
    {
      "code": "24",
      "county": "West Pokot",
      "constituencies": ["Kacheliba", "Kapenguria", "Pokot South", "Sigor"]
    },
    {
      "code": "25",
      "county": "Samburu",
      "constituencies": ["Samburu East", "Samburu North", "Samburu West"]
    },
    {
      "code": "26",
      "county": "Trans Nzoia",
      "constituencies": ["Cherangany", "Endebess", "Kiminini", "Kwanza", "Saboti"]
    },
    {
      "code": "27",
      "county": "Uasin Gishu",
      "constituencies": ["Ainabkoi", "Kapseret", "Kesses", "Moiben", "Soy", "Turbo"]
    },
    {
      "code": "28",
      "county": "Elgeyo Marakwet",
      "constituencies": ["Keiyo North", "Keiyo South", "Marakwet East", "Marakwet West"]
    },
    {
      "code": "29",
      "county": "Nandi",
      "constituencies": ["Aldai", "Chesumei", "Emgwen", "Mosop", "Nandi Hills", "Tinderet"]
    },
    {
      "code": "30",
      "county": "Baringo",
      "constituencies": ["Baringo Central", "Baringo North", "Baringo South", "Eldama Ravine", "Mogotio", "Tiaty"]
    },
    {
      "code": "31",
      "county": "Laikipia",
      "constituencies": ["Laikipia East", "Laikipia North", "Laikipia West"]
    },
    {
      "code": "32",
      "county": "Nakuru",
      "constituencies": ["Bahati", "Gilgil", "Kuresoi North", "Kuresoi South", "Molo", "Naivasha", "Nakuru Town East", "Nakuru Town West", "Njoro", "Rongai", "Subukia"]
    },
    {
      "code": "33",
      "county": "Narok",
      "constituencies": ["Emurua Dikirr", "Kilgoris", "Narok East", "Narok North", "Narok South", "Narok West"]
    },
    {
      "code": "34",
      "county": "Kajiado",
      "constituencies": ["Kajiado Central", "Kajiado East", "Kajiado North", "Kajiado South", "Kajiado West"]
    },
    {
      "code": "35",
      "county": "Kericho",
      "constituencies": ["Ainamoi", "Belgut", "Bureti", "Kipkelion East", "Kipkelion West", "Sigowet/Soin"]
    },
    {
      "code": "36",
      "county": "Bomet",
      "constituencies": ["Bomet Central", "Bomet East", "Chepalungu", "Konoin", "Sotik"]
    },
    {
      "code": "37",
      "county": "Kakamega",
      "constituencies": ["Butere", "Ikolomani", "Khwisero", "Likuyani", "Lugari", "Lurambi", "Malava", "Matungu", "Mumias East", "Mumias West", "Navakholo", "Shinyalu"]
    },
    {
      "code": "38",
      "county": "Vihiga",
      "constituencies": ["Emuhaya", "Hamisi", "Luanda", "Sabatia", "Vihiga"]
    },
    {
      "code": "39",
      "county": "Bungoma",
      "constituencies": ["Bumula", "Kabuchai", "Kanduyi", "Kimilili", "Mt. Elgon", "Sirisia", "Tongaren", "Webuye East", "Webuye West"]
    },
    {
      "code": "40",
      "county": "Busia",
      "constituencies": ["Budalangi", "Butula", "Funyula", "Matayos", "Nambale", "Teso North", "Teso South"]
    },
    {
      "code": "41",
      "county": "Siaya",
      "constituencies": ["Alego Usonga", "Bondo", "Gem", "Rarieda", "Ugenya", "Ugunja"]
    },
    {
      "code": "42",
      "county": "Kisumu",
      "constituencies": ["Kisumu Central", "Kisumu East", "Kisumu West", "Muhoroni", "Nyakach", "Nyando", "Seme"]
    },
    {
      "code": "43",
      "county": "Homa Bay",
      "constituencies": ["Homa Bay Town", "Kabondo Kasipul", "Karachuonyo", "Kasipul", "Ndhiwa", "Rangwe", "Suba North", "Suba South"]
    },
    {
      "code": "44",
      "county": "Migori",
      "constituencies": ["Awendo", "Kuria East", "Kuria West", "Nyatike", "Rongo", "Suna East", "Suna West", "Uriri"]
    },
    {
      "code": "45",
      "county": "Kisii",
      "constituencies": ["Bobasi", "Bomachoge Borabu", "Bomachoge Chache", "Bonchari", "Kitutu Chache North", "Kitutu Chache South", "Nyaribari Chache", "Nyaribari Masaba", "South Mugirango"]
    },
    {
      "code": "46",
      "county": "Nyamira",
      "constituencies": ["Borabu", "Kitutu Masaba", "North Mugirango", "West Mugirango"]
    },
    {
      "code": "47",
      "county": "Nairobi",
      "constituencies": ["Dagoretti North", "Dagoretti South", "Embakasi Central", "Embakasi East", "Embakasi North", "Embakasi South", "Embakasi West", "Kamukunji", "Kasarani", "Kibra", "Langata", "Makadara", "Mathare", "Roysambu", "Ruaraka", "Starehe", "Westlands"]
    }
  ]
}
